,1551
0b9dcbee-c8fb-11e5-ac55-80e4720f6b18,804
15806ab6-607f-11e5-817e-98d908000a42,17861
18198560-d780-11e4-ae85-2d1401007c63,15
1a7bb73a-85ce-11e6-9525-a151fe1a75c7,258
1c5e2582-9db8-11e5-9b21-b2450c0046c4,52
1c5e2cee-9db8-11e5-aac8-b2450c0046c4,15
1ca2fe52-e582-11e5-96ed-7d4ee50d071a,1
1ca2fe8e-e582-11e5-96ed-7d4ee50d071a,5
1f312b6e-ebac-11e5-9b49-15fa00001f14,60
25f2cbc6-22b4-11e6-b436-0700ca126678,38
320104c2-4a2a-11e5-ba6e-d4eb5809712e,12
3d33df3a-8634-11e6-8547-02d3730a7791,21
3f85397c-1386-11e5-8d85-9fa92d006e08,42
40ff9fe0-8937-11e6-a938-a151411d2a68,33
4283ec86-bd0a-11e4-9292-f59005004329,90
445d116c-ee48-11e4-a07b-b75e00000867,1
45b76388-e43c-11e5-bd3c-a952f30d69c0,3
464302de-ef8c-11e5-b670-8407e8084abc,14
46c011c4-3c3b-11e6-903d-a6252f055ea0,5
5cda3be2-a73b-11e4-a733-d2a1480043b3,33
5cda416e-a73b-11e4-be6f-d2a1480043b3,1
609d8838-983a-11e5-929f-3bd100003ed8,18
619c21ae-5ea5-11e6-b834-d9a45111543a,4287
6abb6520-9dcf-11e5-8925-d9b1000000ac,2
6abb6a66-9dcf-11e5-b32e-d9b1000000ac,50
6b90041a-f081-11e5-b670-8407e8084abc,1
70073818-a254-11e5-9617-4e4f00001560,2
7023ad32-09ff-11e6-b8a9-ce5e00001646,3
7654d1ce-6dd6-11e5-8f91-cdbf400e1948,146
846340e4-67f9-11e5-88e0-f664d506289a,4
86e972a6-8eb0-11e5-b6a3-b5b318003e02,25
92eaade8-fd8a-11e4-9c64-84d04a001edb,3594
97f98e78-f607-11e5-a886-1df6000000b0,1
aa82e882-d727-11e4-adde-2d1400001368,4
bb664182-2fe0-11e5-b2c1-f60e9900403a,78
bb6645d8-2fe0-11e5-955d-f60e9900403a,1255
c6ce5294-178e-11e6-8282-1b5f000000b0,18
c7fe4422-38bc-11e6-bb8a-2719bb047126,2858
cdb84d00-9a0f-11e5-8524-6b2f0a0053ab,28
d1138ffe-2fbc-11e5-a2b6-0dbd000061cf,2
dcaffd28-10f5-11e6-a486-234fc40412a3,54
df72f660-f3a3-11e5-9d56-61d800001f29,8
e0d6d584-090d-11e5-abf5-84d0df025a59,21
f6260dfc-439e-11e6-8bf9-8f57000000b5,18
fbcfd3ba-ccbb-11e4-b744-2d867a000a3e,37
